time,asset,strategy,side,prob,entry,exit,pnl,status
2026-04-04T03:30:02.411Z,ETH,momentum,DOWN,0.7500,0.750000,0.000000,0.000000,LOSS
2026-04-04T03:32:00.198Z,ETH,momentum,UP,0.3050,0.310000,1.000000,15.020000,WIN
2026-04-04T03:32:05.197Z,ETH,momentum,UP,0.3000,0.300000,1.000000,11.950000,WIN
2026-04-04T03:32:10.215Z,ETH,momentum,UP,0.3050,0.310000,1.000000,50.690000,WIN
2026-04-04T03:32:20.236Z,ETH,momentum,UP,0.2900,0.290000,1.000000,22.340000,WIN
2026-04-04T03:32:25.236Z,ETH,momentum,UP,0.2850,0.290000,1.000000,104.530000,WIN
2026-04-04T03:32:30.250Z,ETH,momentum,UP,0.2450,0.240000,1.000000,40.480000,WIN
2026-04-04T03:32:40.264Z,ETH,momentum,UP,0.2250,0.240000,1.000000,78.400000,WIN
2026-04-04T03:32:45.279Z,ETH,momentum,UP,0.1800,0.190000,1.000000,9.110000,WIN
2026-04-04T03:32:50.289Z,ETH,momentum,UP,0.1950,0.200000,1.000000,30.980000,WIN
2026-04-04T03:33:00.302Z,ETH,momentum,DOWN,0.8200,0.830000,0.000000,-24.400000,LOSS
2026-04-04T03:33:05.303Z,ETH,momentum,UP,0.1700,0.180000,1.000000,36.330000,WIN
2026-04-04T03:33:10.313Z,ETH,momentum,DOWN,0.8350,0.840000,0.000000,-6.340000,LOSS
2026-04-04T03:33:25.351Z,ETH,momentum,DOWN,0.8550,0.860000,0.000000,-23.250000,LOSS
2026-04-04T03:33:30.362Z,ETH,momentum,UP,0.1450,0.150000,1.000000,4.250000,WIN
2026-04-04T03:33:40.395Z,BTC,momentum,DOWN,0.7850,0.790000,1.000000,2.740000,WIN
2026-04-04T03:33:45.407Z,ETH,momentum,UP,0.1250,0.130000,1.000000,36.350000,WIN
2026-04-04T03:33:50.433Z,ETH,momentum,UP,0.1250,0.130000,1.000000,77.850000,WIN
2026-04-04T03:34:05.473Z,ETH,momentum,UP,0.0750,0.080000,1.000000,286.980000,WIN
2026-04-04T03:34:10.484Z,ETH,momentum,UP,0.0650,0.070000,1.000000,171.460000,WIN
2026-04-04T03:35:05.648Z,SOL,momentum,DOWN,0.5350,0.560000,0.000000,-38.670000,LOSS
2026-04-04T03:35:10.667Z,SOL,momentum,UP,0.4850,0.500000,0.000000,-5.520000,LOSS
2026-04-04T03:35:20.683Z,SOL,momentum,UP,0.5050,0.510000,1.000000,7.860000,WIN
2026-04-04T03:35:25.693Z,SOL,momentum,UP,0.5100,0.520000,1.000000,13.010000,WIN
2026-04-04T03:35:30.706Z,SOL,momentum,UP,0.3800,0.390000,1.000000,8.520000,WIN
2026-04-04T03:35:40.717Z,SOL,momentum,UP,0.3700,0.390000,1.000000,13.700000,WIN
2026-04-04T03:35:45.720Z,SOL,momentum,DOWN,0.6350,0.660000,0.000000,-14.700000,LOSS
2026-04-04T03:35:50.742Z,SOL,momentum,DOWN,0.6750,0.730000,0.000000,-14.140000,LOSS
2026-04-04T03:36:00.773Z,SOL,momentum,DOWN,0.6700,0.700000,0.000000,-15.520000,LOSS
2026-04-04T03:36:05.780Z,SOL,momentum,DOWN,0.6700,0.690000,0.000000,-15.090000,LOSS
2026-04-04T03:36:10.804Z,SOL,momentum,DOWN,0.6750,0.690000,0.000000,-15.090000,LOSS
2026-04-04T03:36:20.810Z,SOL,momentum,DOWN,0.6750,0.690000,0.000000,-6.920000,LOSS
2026-04-04T03:36:25.821Z,SOL,momentum,DOWN,0.6800,0.690000,0.000000,-7.610000,LOSS
2026-04-04T03:36:30.842Z,SOL,momentum,DOWN,0.6800,0.690000,0.000000,-11.070000,LOSS
2026-04-04T03:36:40.868Z,XRP,momentum,UP,0.4300,0.450000,0.000000,-4.680000,LOSS
2026-04-04T03:36:45.874Z,SOL,momentum,UP,0.3250,0.340000,1.000000,18.130000,WIN
2026-04-04T03:36:50.879Z,SOL,momentum,UP,0.4300,0.430000,1.000000,3.410000,WIN
2026-04-04T03:37:05.895Z,SOL,momentum,UP,0.4400,0.460000,1.000000,55.640000,WIN
2026-04-04T03:37:10.904Z,SOL,momentum,UP,0.4400,0.460000,1.000000,56.300000,WIN
2026-04-04T03:37:20.938Z,SOL,momentum,UP,0.4250,0.430000,1.000000,3.980000,WIN
2026-04-04T03:37:25.946Z,SOL,momentum,UP,0.4650,0.480000,1.000000,0.410000,WIN
2026-04-04T03:37:30.953Z,SOL,momentum,UP,0.4750,0.480000,1.000000,0.950000,WIN
2026-04-04T03:37:40.986Z,BTC,momentum,UP,0.2850,0.300000,1.000000,126.970000,WIN
2026-04-04T03:37:45.994Z,SOL,momentum,UP,0.3650,0.370000,1.000000,62.890000,WIN
2026-04-04T03:37:51.022Z,SOL,momentum,UP,0.3600,0.370000,1.000000,74.330000,WIN
2026-04-04T03:38:01.056Z,SOL,momentum,UP,0.3550,0.370000,1.000000,76.220000,WIN
2026-04-04T03:38:06.069Z,SOL,momentum,UP,0.3450,0.360000,1.000000,76.800000,WIN
2026-04-04T03:38:11.077Z,SOL,momentum,UP,0.4800,0.490000,1.000000,11.690000,WIN
2026-04-04T03:38:21.104Z,SOL,momentum,UP,0.5000,0.510000,1.000000,34.710000,WIN
2026-04-04T03:38:26.108Z,SOL,momentum,UP,0.5050,0.510000,1.000000,24.620000,WIN
2026-04-04T03:38:31.135Z,SOL,momentum,UP,0.5100,0.520000,1.000000,13.490000,WIN
2026-04-04T03:38:41.168Z,ETH,momentum,UP,0.6950,0.700000,0.000000,-38.670000,LOSS
2026-04-04T03:38:46.172Z,SOL,momentum,UP,0.5750,0.610000,1.000000,19.410000,WIN
2026-04-04T03:38:51.188Z,SOL,momentum,UP,0.5750,0.600000,1.000000,7.960000,WIN
2026-04-04T03:39:01.221Z,SOL,momentum,UP,0.6000,0.660000,1.000000,10.430000,WIN
2026-04-04T03:39:06.229Z,SOL,momentum,UP,0.6450,0.710000,1.000000,15.920000,WIN
2026-04-04T03:39:11.251Z,SOL,momentum,UP,0.6500,0.700000,1.000000,7.150000,WIN
2026-04-04T03:39:21.272Z,SOL,momentum,UP,0.6150,0.630000,1.000000,3.680000,WIN
2026-04-04T03:39:26.273Z,SOL,momentum,UP,0.6600,0.680000,1.000000,1.020000,WIN
2026-04-04T03:39:31.283Z,SOL,momentum,UP,0.6650,0.680000,1.000000,1.590000,WIN
2026-04-04T03:39:41.315Z,SOL,momentum,UP,0.7050,0.730000,1.000000,2.630000,WIN
2026-04-04T03:39:46.331Z,SOL,momentum,UP,0.7350,0.760000,1.000000,16.700000,WIN
2026-04-04T03:39:51.334Z,SOL,momentum,UP,0.8500,0.851156,1.000000,7.680000,WIN
2026-04-04T03:40:03.869Z,XRP,momentum,UP,0.7500,0.750000,0.000000,0.000000,LOSS
2026-04-04T03:40:31.415Z,XRP,momentum,UP,0.4550,0.500000,0.000000,-6.880000,LOSS
2026-04-04T03:40:46.461Z,XRP,momentum,UP,0.4600,0.510000,1.000000,26.870000,WIN
2026-04-04T03:40:51.478Z,XRP,momentum,UP,0.4600,0.510000,1.000000,26.870000,WIN
2026-04-04T03:41:06.503Z,XRP,momentum,UP,0.4600,0.510000,1.000000,29.310000,WIN
2026-04-04T03:41:11.528Z,XRP,momentum,UP,0.4000,0.440000,1.000000,11.930000,WIN
2026-04-04T03:41:26.543Z,XRP,momentum,UP,0.4000,0.440000,1.000000,12.070000,WIN
2026-04-04T03:41:31.560Z,XRP,momentum,UP,0.4000,0.510000,1.000000,29.310000,WIN
2026-04-04T03:41:41.590Z,XRP,momentum,UP,0.5050,0.510000,1.000000,27.340000,WIN
2026-04-04T03:41:46.604Z,XRP,momentum,UP,0.5300,0.560000,1.000000,16.200000,WIN
2026-04-04T03:41:51.621Z,XRP,momentum,UP,0.6900,0.740000,1.000000,7.730000,WIN
2026-04-04T03:42:01.649Z,XRP,momentum,UP,0.7250,0.750000,1.000000,7.430000,WIN
2026-04-04T03:42:06.657Z,XRP,momentum,UP,0.7250,0.750000,1.000000,8.670000,WIN
2026-04-04T03:42:11.665Z,XRP,momentum,UP,0.7400,0.750000,1.000000,8.670000,WIN
2026-04-04T03:42:21.687Z,XRP,momentum,UP,0.7400,0.750000,1.000000,1.240000,WIN
2026-04-04T03:42:26.705Z,XRP,momentum,UP,0.7400,0.750000,1.000000,1.240000,WIN
2026-04-04T03:42:31.713Z,XRP,momentum,UP,0.4450,0.500000,1.000000,2.490000,WIN
2026-04-04T03:42:41.733Z,XRP,momentum,UP,0.4300,0.500000,1.000000,17.450000,WIN
2026-04-04T03:42:46.740Z,ETH,momentum,UP,0.1050,0.110000,1.000000,64.840000,WIN
2026-04-04T03:42:51.755Z,XRP,momentum,UP,0.4200,0.480000,1.000000,19.460000,WIN
2026-04-04T03:43:06.776Z,XRP,momentum,DOWN,0.5850,0.590000,0.000000,-16.100000,LOSS
2026-04-04T03:43:11.779Z,XRP,momentum,DOWN,0.5550,0.590000,0.000000,-16.100000,LOSS
2026-04-04T03:43:31.831Z,XRP,momentum,UP,0.4500,0.460000,1.000000,13.070000,WIN
2026-04-04T03:43:51.877Z,XRP,momentum,UP,0.4000,0.440000,1.000000,17.140000,WIN
2026-04-04T03:44:06.908Z,XRP,momentum,UP,0.3150,0.440000,1.000000,10.610000,WIN
2026-04-04T03:44:11.929Z,XRP,momentum,UP,0.3600,0.450000,1.000000,29.000000,WIN
2026-04-04T03:44:31.977Z,XRP,momentum,UP,0.2850,0.360000,1.000000,31.950000,WIN
2026-04-04T03:44:47.026Z,XRP,momentum,UP,0.2600,0.310000,1.000000,1.010000,WIN
2026-04-04T03:44:52.055Z,XRP,momentum,UP,0.2600,0.600000,1.000000,11.950000,WIN
2026-04-04T03:45:07.079Z,BTC,momentum,UP,0.5150,0.530000,0.000000,-16.180000,LOSS
2026-04-04T03:45:12.078Z,BTC,momentum,UP,0.5350,0.540000,0.000000,-82.930000,LOSS
2026-04-04T03:45:27.125Z,BTC,momentum,UP,0.5050,0.504804,1.000000,95.960000,WIN
2026-04-04T03:45:32.137Z,BTC,momentum,UP,0.4850,0.490000,1.000000,22.690000,WIN
2026-04-04T03:45:47.177Z,BTC,momentum,UP,0.4650,0.470000,1.000000,17.980000,WIN
2026-04-04T03:45:52.176Z,BTC,momentum,UP,0.4850,0.500000,1.000000,10.910000,WIN
2026-04-04T03:46:12.216Z,BTC,momentum,UP,0.5450,0.550000,1.000000,10.260000,WIN
2026-04-04T03:46:27.263Z,BTC,momentum,UP,0.8150,0.820000,1.000000,5.920000,WIN
2026-04-04T03:46:32.275Z,BTC,momentum,UP,0.8450,0.850000,1.000000,10.640000,WIN
2026-04-04T03:46:47.295Z,ETH,momentum,UP,0.8750,0.880000,1.000000,0.700000,WIN
2026-04-04T03:46:52.314Z,BTC,momentum,UP,0.8050,0.830000,1.000000,13.730000,WIN
2026-04-04T03:47:07.357Z,BTC,momentum,UP,0.8150,0.820000,1.000000,14.290000,WIN
2026-04-04T03:47:12.360Z,BTC,momentum,UP,0.8150,0.820000,1.000000,14.290000,WIN
2026-04-04T03:47:27.396Z,BTC,momentum,DOWN,0.1650,0.170000,0.000000,-2.560000,LOSS
2026-04-04T03:47:32.418Z,BTC,momentum,DOWN,0.1650,0.170000,0.000000,-18.380000,LOSS
2026-04-04T03:47:52.493Z,BTC,momentum,DOWN,0.2950,0.300000,0.000000,-9.790000,LOSS
2026-04-04T03:48:02.510Z,BTC,momentum,DOWN,0.2650,0.258476,0.000000,-10.970000,LOSS
2026-04-04T03:48:07.532Z,BTC,momentum,DOWN,0.1850,0.190000,0.000000,-19.460000,LOSS
2026-04-04T03:48:12.539Z,BTC,momentum,DOWN,0.1650,0.170000,0.000000,-28.610000,LOSS
2026-04-04T03:48:22.551Z,BTC,momentum,UP,0.8050,0.810000,1.000000,15.940000,WIN
2026-04-04T03:48:27.566Z,BTC,momentum,UP,0.7950,0.810000,1.000000,14.410000,WIN
2026-04-04T03:48:32.575Z,BTC,momentum,UP,0.8250,0.830000,1.000000,1.680000,WIN
2026-04-04T03:48:52.627Z,BTC,momentum,UP,0.9250,0.930000,1.000000,4.370000,WIN
2026-04-04T03:49:02.651Z,BTC,momentum,UP,0.9250,0.940000,1.000000,3.720000,WIN
2026-04-04T03:49:45.264Z,BTC,momentum,UP,0.6050,0.760000,1.000000,26.150000,WIN
2026-04-04T03:49:52.772Z,BTC,momentum,UP,0.8050,0.810000,1.000000,13.080000,WIN
2026-04-04T03:49:52.771Z,ETH,momentum,UP,0.7500,0.750000,0.000000,0.000000,LOSS
2026-04-04T03:50:07.795Z,ETH,momentum,DOWN,0.4700,0.480000,0.000000,-5.780000,LOSS
2026-04-04T03:50:12.807Z,ETH,momentum,UP,0.5300,0.540000,0.000000,-31.960000,LOSS
2026-04-04T03:50:25.343Z,ETH,momentum,UP,0.5050,0.510000,1.000000,42.860000,WIN
2026-04-04T03:50:32.858Z,ETH,momentum,UP,0.5050,0.510000,1.000000,42.860000,WIN
2026-04-04T03:50:45.372Z,ETH,momentum,UP,0.5050,0.520000,0.000000,-38.330000,LOSS
2026-04-04T03:50:52.905Z,ETH,momentum,UP,0.5150,0.520000,0.000000,-10.430000,LOSS
2026-04-04T03:51:00.441Z,ETH,momentum,UP,0.5200,0.530000,0.000000,-35.200000,LOSS
2026-04-04T03:51:05.443Z,ETH,momentum,UP,0.6050,0.610000,0.000000,-1.800000,LOSS
2026-04-04T03:51:10.458Z,ETH,momentum,UP,0.6300,0.630000,0.000000,-7.580000,LOSS
2026-04-04T03:51:25.509Z,ETH,momentum,UP,0.6450,0.650000,0.000000,-7.820000,LOSS
2026-04-04T03:51:30.509Z,ETH,momentum,UP,0.5250,0.660000,0.000000,-50.310000,LOSS
2026-04-04T03:51:45.556Z,SOL,momentum,DOWN,0.5350,0.540000,0.000000,-29.790000,LOSS
2026-04-04T03:51:50.574Z,ETH,momentum,DOWN,0.4150,0.420000,1.000000,2.890000,WIN
2026-04-04T03:52:00.609Z,ETH,momentum,DOWN,0.3750,0.380000,1.000000,89.580000,WIN
2026-04-04T03:52:05.624Z,ETH,momentum,DOWN,0.3650,0.370000,1.000000,70.440000,WIN
2026-04-04T03:52:10.636Z,ETH,momentum,DOWN,0.3400,0.340000,1.000000,78.250000,WIN
2026-04-04T03:52:20.675Z,ETH,momentum,DOWN,0.3250,0.320000,1.000000,53.640000,WIN
2026-04-04T03:52:25.682Z,ETH,momentum,UP,0.6950,0.760000,0.000000,-9.150000,LOSS
2026-04-04T03:52:30.691Z,ETH,momentum,UP,0.8050,0.810000,0.000000,-6.390000,LOSS
2026-04-04T03:52:45.739Z,XRP,momentum,UP,0.7650,0.810000,0.000000,-28.050000,LOSS
2026-04-04T03:52:50.755Z,ETH,momentum,UP,0.8550,0.880000,0.000000,-71.560000,LOSS
2026-04-04T03:53:45.875Z,BTC,momentum,UP,0.8950,0.900000,0.000000,-65.970000,LOSS
2026-04-04T03:55:06.096Z,SOL,momentum,UP,0.4850,0.490000,0.000000,-59.570000,LOSS
2026-04-04T03:55:11.107Z,SOL,momentum,UP,0.4350,0.450000,0.000000,-15.710000,LOSS
2026-04-04T03:55:31.149Z,SOL,momentum,UP,0.4400,0.450000,1.000000,7.330000,WIN
2026-04-04T03:55:46.176Z,SOL,momentum,UP,0.4250,0.430000,1.000000,11.450000,WIN
2026-04-04T03:55:51.186Z,SOL,momentum,UP,0.4300,0.440000,1.000000,6.990000,WIN
2026-04-04T03:56:06.231Z,SOL,momentum,DOWN,0.6150,0.620000,1.000000,4.240000,WIN
2026-04-04T03:56:11.233Z,SOL,momentum,DOWN,0.6150,0.620000,1.000000,2.270000,WIN
2026-04-04T03:56:26.265Z,SOL,momentum,DOWN,0.6150,0.620000,1.000000,6.500000,WIN
2026-04-04T03:56:31.272Z,SOL,momentum,DOWN,0.6200,0.630000,1.000000,6.330000,WIN
2026-04-04T03:56:36.276Z,SOL,momentum,UP,0.3800,0.390000,0.000000,-24.690000,LOSS
2026-04-04T03:56:46.302Z,XRP,momentum,UP,0.4450,0.500000,0.000000,-4.510000,LOSS
2026-04-04T03:56:51.314Z,SOL,momentum,UP,0.3650,0.390000,0.000000,-19.530000,LOSS
2026-04-04T03:56:56.336Z,SOL,momentum,UP,0.3700,0.390000,0.000000,-17.180000,LOSS
2026-04-04T03:57:01.350Z,SOL,momentum,UP,0.3650,0.390000,0.000000,-19.530000,LOSS
2026-04-04T03:57:06.352Z,SOL,momentum,UP,0.3650,0.390000,0.000000,-19.530000,LOSS
2026-04-04T03:57:11.370Z,SOL,momentum,UP,0.3650,0.390000,0.000000,-19.530000,LOSS
2026-04-04T03:57:16.382Z,SOL,momentum,UP,0.3300,0.350000,0.000000,-3.930000,LOSS
2026-04-04T03:57:26.394Z,SOL,momentum,UP,0.3300,0.350000,0.000000,-6.040000,LOSS
2026-04-04T03:57:31.415Z,SOL,momentum,UP,0.3350,0.360000,0.000000,-6.210000,LOSS
2026-04-04T03:57:36.421Z,SOL,momentum,UP,0.3300,0.326056,0.000000,-9.290000,LOSS
2026-04-04T03:57:41.436Z,SOL,momentum,UP,0.3150,0.320000,0.000000,-5.520000,LOSS
2026-04-04T03:57:46.437Z,BTC,momentum,UP,0.3450,0.350000,0.000000,-31.320000,LOSS
2026-04-04T03:57:51.437Z,SOL,momentum,UP,0.3150,0.320000,0.000000,-3.590000,LOSS
2026-04-04T03:57:56.452Z,SOL,momentum,UP,0.1650,0.200000,0.000000,-3.250000,LOSS
2026-04-04T03:58:01.470Z,SOL,momentum,UP,0.1200,0.130000,0.000000,-3.120000,LOSS
2026-04-04T03:58:06.487Z,SOL,momentum,UP,0.1150,0.130000,0.000000,-2.760000,LOSS
2026-04-04T03:58:11.495Z,SOL,momentum,UP,0.1150,0.130000,0.000000,-7.720000,LOSS
2026-04-04T03:58:16.506Z,SOL,momentum,UP,0.1000,0.110000,0.000000,-2.930000,LOSS
2026-04-04T03:58:26.524Z,SOL,momentum,UP,0.0950,0.110000,0.000000,-2.930000,LOSS
2026-04-04T03:58:31.537Z,SOL,momentum,DOWN,0.9000,0.910000,1.000000,3.840000,WIN
2026-04-04T03:58:36.541Z,SOL,momentum,UP,0.0950,0.110000,0.000000,-0.550000,LOSS
2026-04-04T03:58:46.565Z,ETH,momentum,UP,0.1200,0.130000,0.000000,-2.340000,LOSS
2026-04-04T03:58:51.589Z,SOL,momentum,UP,0.1050,0.110000,0.000000,-1.630000,LOSS
2026-04-04T03:58:56.615Z,SOL,momentum,UP,0.1050,0.110000,0.000000,-5.500000,LOSS
2026-04-04T03:59:01.624Z,SOL,momentum,UP,0.0950,0.150000,0.000000,-0.680000,LOSS
2026-04-04T03:59:06.625Z,SOL,momentum,UP,0.1300,0.140000,0.000000,-2.270000,LOSS
2026-04-04T03:59:11.651Z,SOL,momentum,UP,0.1150,0.110000,0.000000,-3.700000,LOSS
2026-04-04T03:59:16.668Z,SOL,momentum,UP,0.0950,0.100000,0.000000,-1.730000,LOSS
2026-04-04T03:59:26.687Z,SOL,momentum,UP,0.0650,0.070000,0.000000,-0.360000,LOSS
2026-04-04T03:59:31.690Z,SOL,momentum,UP,0.0550,0.060000,0.000000,-5.340000,LOSS
2026-04-04T04:00:06.774Z,XRP,momentum,UP,0.4450,0.450000,0.000000,-30.240000,LOSS
2026-04-04T04:00:11.792Z,XRP,momentum,UP,0.4450,0.450000,0.000000,-24.820000,LOSS
2026-04-04T04:00:16.795Z,XRP,momentum,UP,0.4650,0.490000,0.000000,-19.320000,LOSS
2026-04-04T04:00:26.825Z,XRP,momentum,UP,0.3650,0.400000,0.000000,-14.450000,LOSS
2026-04-04T04:00:31.845Z,XRP,momentum,UP,0.3650,0.400000,0.000000,-12.810000,LOSS
2026-04-04T04:00:36.862Z,XRP,momentum,UP,0.3450,0.360000,0.000000,-9.850000,LOSS
2026-04-04T04:00:41.872Z,XRP,momentum,UP,0.3450,0.360000,0.000000,-1.810000,LOSS
2026-04-04T04:00:46.877Z,XRP,momentum,UP,0.3300,0.360000,0.000000,-1.810000,LOSS
2026-04-04T04:00:51.886Z,XRP,momentum,UP,0.3300,0.360000,0.000000,-1.810000,LOSS
2026-04-04T04:00:56.892Z,XRP,momentum,DOWN,0.6700,0.700000,1.000000,1.060000,WIN
2026-04-04T04:01:06.909Z,XRP,momentum,UP,0.3150,0.370000,0.000000,-1.860000,LOSS
2026-04-04T04:01:11.925Z,XRP,momentum,UP,0.1450,0.260000,0.000000,-20.860000,LOSS
2026-04-04T04:01:16.940Z,XRP,momentum,UP,0.2350,0.250000,0.000000,-20.700000,LOSS
2026-04-04T04:01:26.972Z,XRP,momentum,UP,0.2300,0.240000,0.000000,-4.970000,LOSS
2026-04-04T04:01:31.978Z,XRP,momentum,DOWN,0.7700,0.780000,1.000000,21.470000,WIN
2026-04-04T04:01:36.988Z,XRP,momentum,UP,0.2300,0.240000,0.000000,-20.660000,LOSS
2026-04-04T04:01:47.020Z,BTC,momentum,UP,0.2250,0.230000,0.000000,-24.540000,LOSS
2026-04-04T04:01:52.032Z,XRP,momentum,UP,0.2250,0.230000,1.000000,106.230000,WIN
2026-04-04T04:01:57.037Z,XRP,momentum,UP,0.2250,0.230000,1.000000,106.230000,WIN
2026-04-04T04:02:07.055Z,XRP,momentum,UP,0.2250,0.230000,1.000000,93.030000,WIN
2026-04-04T04:02:12.066Z,XRP,momentum,UP,0.2250,0.230000,1.000000,43.080000,WIN
2026-04-04T04:02:17.077Z,XRP,momentum,UP,0.2250,0.230000,1.000000,89.560000,WIN
2026-04-04T04:02:27.099Z,XRP,momentum,UP,0.2250,0.230000,1.000000,117.810000,WIN
2026-04-04T04:02:32.101Z,XRP,momentum,UP,0.2250,0.230000,1.000000,46.930000,WIN
2026-04-04T04:02:37.111Z,XRP,momentum,UP,0.2250,0.230000,1.000000,122.320000,WIN
2026-04-04T04:02:52.132Z,XRP,momentum,UP,0.2250,0.230000,0.000000,-36.680000,LOSS
2026-04-04T04:02:57.145Z,XRP,momentum,UP,0.2250,0.230000,0.000000,-44.770000,LOSS
2026-04-04T04:03:07.164Z,XRP,momentum,DOWN,0.7750,0.780000,1.000000,19.770000,WIN
2026-04-04T04:03:12.173Z,XRP,momentum,UP,0.2250,0.230000,0.000000,-59.880000,LOSS
2026-04-04T04:03:17.178Z,XRP,momentum,UP,0.1650,0.170000,0.000000,-1.190000,LOSS
2026-04-04T04:03:27.188Z,XRP,momentum,DOWN,0.9350,0.940000,1.000000,3.100000,WIN
2026-04-04T04:03:32.202Z,XRP,momentum,UP,0.0650,0.070000,0.000000,-4.400000,LOSS
2026-04-04T04:03:37.218Z,XRP,momentum,UP,0.0650,0.070000,0.000000,-4.400000,LOSS
2026-04-04T04:03:52.265Z,SOL,momentum,UP,0.0650,0.070000,0.000000,-1.790000,LOSS
2026-04-04T04:04:52.404Z,XRP,momentum,UP,0.2500,0.073377,1.000000,646.850000,WIN
2026-04-04T04:04:57.411Z,XRP,momentum,UP,0.2500,0.064216,1.000000,760.950000,WIN
2026-04-04T04:05:07.462Z,BTC,momentum,UP,0.3550,0.360000,0.000000,-2.260000,LOSS
2026-04-04T04:05:12.466Z,BTC,momentum,UP,0.3950,0.410000,1.000000,16.380000,WIN
2026-04-04T04:05:17.481Z,BTC,momentum,UP,0.3950,0.394058,1.000000,204.690000,WIN
2026-04-04T04:05:27.488Z,BTC,momentum,UP,0.3350,0.340000,1.000000,137.790000,WIN
2026-04-04T04:05:32.491Z,BTC,momentum,DOWN,0.6950,0.700000,0.000000,-50.690000,LOSS
2026-04-04T04:05:37.504Z,BTC,momentum,DOWN,0.6850,0.710000,0.000000,-78.460000,LOSS
2026-04-04T04:05:47.519Z,BTC,momentum,DOWN,0.6950,0.700000,1.000000,20.470000,WIN
2026-04-04T04:05:52.541Z,BTC,momentum,DOWN,0.7050,0.710000,1.000000,5.460000,WIN
2026-04-04T04:05:57.550Z,BTC,momentum,DOWN,0.6950,0.700000,1.000000,20.260000,WIN
2026-04-04T04:06:07.576Z,BTC,momentum,DOWN,0.8050,0.810000,1.000000,0.940000,WIN
2026-04-04T04:06:12.580Z,BTC,momentum,DOWN,0.7750,0.769218,1.000000,19.460000,WIN
2026-04-04T04:06:17.605Z,BTC,momentum,DOWN,0.7050,0.740000,0.000000,-44.820000,LOSS
2026-04-04T04:06:27.620Z,BTC,momentum,DOWN,0.7150,0.720000,0.000000,-10.830000,LOSS
2026-04-04T04:06:32.628Z,BTC,momentum,DOWN,0.6350,0.640000,0.000000,-20.300000,LOSS
2026-04-04T04:06:37.645Z,BTC,momentum,DOWN,0.6250,0.630000,0.000000,-40.620000,LOSS
2026-04-04T04:06:47.673Z,BTC,momentum,DOWN,0.6550,0.670000,0.000000,-41.270000,LOSS
2026-04-04T04:06:52.686Z,ETH,momentum,DOWN,0.7750,0.790000,0.000000,-3.960000,LOSS
2026-04-04T04:06:57.700Z,BTC,momentum,DOWN,0.6650,0.670000,0.000000,-19.540000,LOSS
2026-04-04T04:07:02.701Z,BTC,momentum,UP,0.3150,0.320000,1.000000,24.450000,WIN
2026-04-04T04:07:12.724Z,BTC,momentum,UP,0.2950,0.300000,1.000000,56.960000,WIN
2026-04-04T04:07:17.736Z,BTC,momentum,UP,0.2950,0.290000,1.000000,10.640000,WIN
2026-04-04T04:07:27.754Z,BTC,momentum,UP,0.3500,0.360000,1.000000,27.320000,WIN
2026-04-04T04:07:32.759Z,BTC,momentum,UP,0.3850,0.450000,1.000000,4.390000,WIN
2026-04-04T04:07:37.771Z,BTC,momentum,UP,0.3650,0.364762,1.000000,161.780000,WIN
2026-04-04T04:07:47.798Z,BTC,momentum,UP,0.2750,0.290000,1.000000,41.570000,WIN
2026-04-04T04:07:52.832Z,SOL,momentum,UP,0.4150,0.430000,1.000000,9.780000,WIN
2026-04-04T04:07:57.838Z,BTC,momentum,UP,0.2550,0.250000,1.000000,7.490000,WIN
2026-04-04T04:08:07.849Z,BTC,momentum,UP,0.2350,0.227727,1.000000,33.950000,WIN
2026-04-04T04:08:12.868Z,BTC,momentum,UP,0.2950,0.310000,1.000000,17.830000,WIN
2026-04-04T04:08:17.887Z,BTC,momentum,UP,0.2750,0.280000,1.000000,66.460000,WIN
2026-04-04T04:08:58.051Z,BTC,momentum,UP,0.1550,0.160000,1.000000,15.980000,WIN
2026-04-04T04:09:08.083Z,BTC,momentum,UP,0.0900,0.100000,1.000000,134.800000,WIN
2026-04-04T04:09:13.100Z,BTC,momentum,UP,0.0750,0.090000,1.000000,78.670000,WIN
2026-04-04T04:09:18.114Z,BTC,momentum,UP,0.0750,0.080000,1.000000,192.530000,WIN
2026-04-04T04:10:08.239Z,ETH,momentum,UP,0.5550,0.560000,0.000000,-36.790000,LOSS
2026-04-04T04:10:13.247Z,ETH,momentum,UP,0.5200,0.520000,0.000000,-21.860000,LOSS
2026-04-04T04:10:18.256Z,ETH,momentum,UP,0.5250,0.530000,0.000000,-25.780000,LOSS
2026-04-04T04:10:28.270Z,ETH,momentum,UP,0.4550,0.460000,0.000000,-48.110000,LOSS
2026-04-04T04:10:33.273Z,ETH,momentum,UP,0.4350,0.440000,0.000000,-23.390000,LOSS
2026-04-04T04:10:38.288Z,ETH,momentum,UP,0.4250,0.430000,1.000000,43.840000,WIN
2026-04-04T04:10:48.306Z,ETH,momentum,UP,0.5750,0.580000,1.000000,5.790000,WIN
2026-04-04T04:10:53.315Z,ETH,momentum,UP,0.6450,0.650000,1.000000,34.340000,WIN
2026-04-04T04:10:58.331Z,ETH,momentum,UP,0.6450,0.660000,1.000000,3.140000,WIN
2026-04-04T04:11:08.347Z,ETH,momentum,UP,0.7150,0.720000,1.000000,22.010000,WIN
2026-04-04T04:11:13.363Z,ETH,momentum,UP,0.7050,0.710000,1.000000,27.960000,WIN
2026-04-04T04:11:18.374Z,ETH,momentum,UP,0.7050,0.710000,1.000000,21.450000,WIN
2026-04-04T04:11:28.405Z,ETH,momentum,UP,0.6300,0.640000,1.000000,50.040000,WIN
2026-04-04T04:11:33.425Z,ETH,momentum,UP,0.6350,0.640000,1.000000,6.760000,WIN
2026-04-04T04:11:38.448Z,ETH,momentum,UP,0.6450,0.645139,1.000000,63.700000,WIN
2026-04-04T04:11:48.473Z,ETH,momentum,UP,0.6550,0.660000,1.000000,21.930000,WIN
2026-04-04T04:11:53.488Z,SOL,momentum,UP,0.6950,0.700000,1.000000,3.580000,WIN
2026-04-04T04:11:58.505Z,ETH,momentum,UP,0.6500,0.660000,1.000000,24.370000,WIN
2026-04-04T04:12:13.548Z,ETH,momentum,DOWN,0.3800,0.390000,0.000000,-21.510000,LOSS
2026-04-04T04:12:18.555Z,ETH,momentum,DOWN,0.4500,0.460000,0.000000,-31.030000,LOSS
2026-04-04T04:12:28.585Z,ETH,momentum,UP,0.5900,0.590000,1.000000,4.900000,WIN
2026-04-04T04:12:33.587Z,ETH,momentum,UP,0.5850,0.590000,1.000000,8.680000,WIN
2026-04-04T04:12:38.608Z,ETH,momentum,UP,0.5950,0.620000,1.000000,26.560000,WIN
2026-04-04T04:12:48.638Z,ETH,momentum,UP,0.6150,0.620000,1.000000,4.200000,WIN
2026-04-04T04:12:53.646Z,XRP,momentum,UP,0.9050,0.950000,1.000000,2.670000,WIN
2026-04-04T04:12:58.655Z,ETH,momentum,UP,0.6150,0.620000,0.000000,-6.900000,LOSS
2026-04-04T04:13:33.764Z,ETH,momentum,UP,0.6150,0.620000,0.000000,-36.690000,LOSS
2026-04-04T04:13:38.773Z,ETH,momentum,UP,0.6150,0.620000,0.000000,-65.920000,LOSS
2026-04-04T04:13:53.771Z,BTC,momentum,UP,0.9450,0.950000,0.000000,-107.750000,LOSS
2026-04-04T04:13:58.782Z,ETH,momentum,UP,0.6350,0.640000,0.000000,-142.330000,LOSS
2026-04-04T04:14:18.832Z,ETH,momentum,UP,0.2150,0.210000,0.000000,-13.740000,LOSS
2026-04-04T04:14:28.859Z,ETH,momentum,UP,0.1200,0.090883,0.000000,-11.440000,LOSS
2026-04-04T04:14:33.865Z,ETH,momentum,UP,0.0850,0.090000,0.000000,-15.930000,LOSS
2026-04-04T04:14:38.873Z,ETH,momentum,UP,0.0550,0.050000,0.000000,-5.950000,LOSS
2026-04-04T04:14:58.910Z,ETH,momentum,UP,0.8900,0.930000,0.000000,-128.720000,LOSS
2026-04-04T04:15:08.947Z,SOL,momentum,UP,0.5550,0.560000,0.000000,-37.180000,LOSS
2026-04-04T04:15:13.966Z,SOL,momentum,UP,0.5550,0.560000,0.000000,-23.200000,LOSS
2026-04-04T04:15:18.977Z,SOL,momentum,UP,0.5350,0.540000,0.000000,-12.760000,LOSS
2026-04-04T04:15:28.996Z,SOL,momentum,UP,0.5300,0.540000,0.000000,-6.070000,LOSS
2026-04-04T04:15:34.015Z,SOL,momentum,UP,0.5950,0.610000,0.000000,-3.690000,LOSS
2026-04-04T04:15:39.033Z,SOL,momentum,UP,0.6150,0.630000,0.000000,-7.080000,LOSS
2026-04-04T04:15:49.063Z,SOL,momentum,UP,0.6800,0.685241,1.000000,10.260000,WIN
2026-04-04T04:15:54.062Z,SOL,momentum,UP,0.6800,0.690000,1.000000,5.300000,WIN
2026-04-04T04:16:14.109Z,SOL,momentum,UP,0.7350,0.740000,1.000000,2.580000,WIN
2026-04-04T04:16:19.113Z,SOL,momentum,UP,0.7450,0.760000,1.000000,9.350000,WIN
2026-04-04T04:16:29.143Z,SOL,momentum,UP,0.7450,0.760000,1.000000,8.610000,WIN
2026-04-04T04:16:34.148Z,SOL,momentum,UP,0.7450,0.760000,1.000000,8.610000,WIN
2026-04-04T04:16:39.149Z,SOL,momentum,UP,0.6550,0.660000,1.000000,16.850000,WIN
2026-04-04T04:16:49.179Z,SOL,momentum,UP,0.6800,0.690000,1.000000,15.300000,WIN
2026-04-04T04:16:54.186Z,XRP,momentum,UP,0.2300,0.300000,1.000000,22.750000,WIN
2026-04-04T04:16:59.194Z,SOL,momentum,UP,0.7700,0.780000,0.000000,-71.080000,LOSS
2026-04-04T04:17:09.216Z,SOL,momentum,UP,0.7000,0.710000,0.000000,-84.400000,LOSS
2026-04-04T04:17:14.226Z,SOL,momentum,UP,0.7050,0.710000,0.000000,-71.210000,LOSS
2026-04-04T04:17:19.236Z,SOL,momentum,UP,0.7050,0.710000,0.000000,-71.210000,LOSS
2026-04-04T04:17:29.252Z,SOL,momentum,UP,0.2800,0.300000,1.000000,19.570000,WIN
2026-04-04T04:17:34.260Z,SOL,momentum,UP,0.2750,0.260000,1.000000,44.350000,WIN
2026-04-04T04:17:39.269Z,SOL,momentum,UP,0.1900,0.220000,1.000000,3.660000,WIN
2026-04-04T04:17:54.288Z,BTC,momentum,DOWN,0.8450,0.860000,1.000000,12.240000,WIN
2026-04-04T04:17:59.295Z,SOL,momentum,DOWN,0.7700,0.830000,0.000000,-29.920000,LOSS
2026-04-04T04:18:14.320Z,SOL,momentum,DOWN,0.7750,0.810000,0.000000,-11.480000,LOSS
2026-04-04T04:18:19.323Z,SOL,momentum,DOWN,0.7800,0.810000,0.000000,-11.480000,LOSS
2026-04-04T04:18:29.337Z,SOL,momentum,DOWN,0.8050,0.840000,0.000000,-18.970000,LOSS
2026-04-04T04:18:34.340Z,SOL,momentum,DOWN,0.8200,0.840000,0.000000,-0.500000,LOSS
2026-04-04T04:18:39.364Z,SOL,momentum,DOWN,0.8250,0.850000,0.000000,-7.440000,LOSS
2026-04-04T04:18:49.389Z,SOL,momentum,DOWN,0.8600,0.900000,0.000000,-43.730000,LOSS
2026-04-04T04:18:59.417Z,SOL,momentum,DOWN,0.9000,0.940000,0.000000,-47.140000,LOSS
2026-04-04T04:19:09.423Z,SOL,momentum,DOWN,0.9250,0.950000,0.000000,-36.080000,LOSS
2026-04-04T04:19:14.440Z,SOL,momentum,DOWN,0.9300,0.950000,0.000000,-38.760000,LOSS
2026-04-04T04:19:19.454Z,SOL,momentum,DOWN,0.9400,0.950000,0.000000,-17.550000,LOSS
2026-04-04T04:20:14.571Z,XRP,momentum,DOWN,0.4450,0.470000,0.000000,-28.600000,LOSS
2026-04-04T04:20:19.588Z,XRP,momentum,DOWN,0.4450,0.470000,0.000000,-2.360000,LOSS
2026-04-04T04:20:34.607Z,XRP,momentum,DOWN,0.3650,0.440000,0.000000,-21.110000,LOSS
2026-04-04T04:20:39.620Z,XRP,momentum,DOWN,0.3650,0.440000,0.000000,-21.110000,LOSS
2026-04-04T04:20:49.633Z,XRP,momentum,UP,0.6350,0.710000,1.000000,37.070000,WIN
2026-04-04T04:20:54.641Z,XRP,momentum,UP,0.6350,0.710000,1.000000,37.070000,WIN
2026-04-04T04:20:59.642Z,XRP,momentum,UP,0.6350,0.710000,1.000000,22.680000,WIN
2026-04-04T04:21:09.665Z,XRP,momentum,UP,0.6650,0.720000,1.000000,9.390000,WIN
2026-04-04T04:21:14.676Z,XRP,momentum,DOWN,0.3350,0.390000,0.000000,-19.560000,LOSS
2026-04-04T04:21:19.691Z,XRP,momentum,DOWN,0.3300,0.390000,0.000000,-19.560000,LOSS
2026-04-04T04:21:29.694Z,XRP,momentum,DOWN,0.3350,0.390000,0.000000,-17.600000,LOSS
2026-04-04T04:21:34.696Z,XRP,momentum,DOWN,0.4300,0.450000,0.000000,-2.260000,LOSS
2026-04-04T04:21:39.709Z,XRP,momentum,DOWN,0.5650,0.640000,0.000000,-28.370000,LOSS
2026-04-04T04:21:49.735Z,XRP,momentum,DOWN,0.5400,0.590000,0.000000,-32.550000,LOSS
2026-04-04T04:21:54.738Z,BTC,momentum,DOWN,0.7650,0.770000,0.000000,-68.740000,LOSS
2026-04-04T04:21:59.754Z,XRP,momentum,DOWN,0.5450,0.590000,0.000000,-32.550000,LOSS
2026-04-04T04:22:14.762Z,XRP,momentum,DOWN,0.4450,0.550000,0.000000,-83.300000,LOSS
2026-04-04T04:22:19.771Z,XRP,momentum,DOWN,0.4000,0.380000,0.000000,-113.060000,LOSS
2026-04-04T04:22:29.797Z,XRP,momentum,UP,0.7400,0.790000,0.000000,-23.770000,LOSS
2026-04-04T04:22:34.809Z,XRP,momentum,UP,0.7950,0.800000,0.000000,-24.070000,LOSS
2026-04-04T04:22:39.809Z,XRP,momentum,UP,0.7650,0.800000,0.000000,-24.070000,LOSS
2026-04-04T04:22:49.825Z,XRP,momentum,UP,0.7900,0.810000,0.000000,-24.370000,LOSS
2026-04-04T04:22:59.846Z,XRP,momentum,UP,0.9400,0.950000,0.000000,-36.100000,LOSS
2026-04-04T04:23:52.467Z,SOL,momentum,UP,0.8550,0.870000,1.000000,0.350000,WIN
2026-04-04T04:24:07.489Z,XRP,momentum,UP,0.8850,0.910000,0.000000,-25.390000,LOSS
2026-04-04T04:24:14.995Z,XRP,momentum,UP,0.8450,0.860000,1.000000,0.840000,WIN
2026-04-04T04:24:19.996Z,XRP,momentum,UP,0.8500,0.860000,1.000000,0.840000,WIN
2026-04-04T04:24:30.012Z,XRP,momentum,UP,0.9000,0.950000,1.000000,2.310000,WIN
2026-04-04T04:24:35.012Z,XRP,momentum,UP,0.9250,0.950000,1.000000,0.370000,WIN
2026-04-04T04:24:57.583Z,XRP,momentum,DOWN,0.2500,0.105434,0.000000,-58.750000,LOSS
2026-04-04T04:25:10.109Z,BTC,momentum,UP,0.5350,0.540000,0.000000,-28.430000,LOSS
2026-04-04T04:25:15.114Z,BTC,momentum,UP,0.5450,0.570000,0.000000,-11.940000,LOSS
2026-04-04T04:25:20.126Z,BTC,momentum,UP,0.6350,0.640000,0.000000,-10.760000,LOSS
2026-04-04T04:25:35.182Z,BTC,momentum,UP,0.6650,0.670000,0.000000,-14.030000,LOSS
2026-04-04T04:25:37.692Z,BTC,momentum,UP,0.6850,0.690000,0.000000,-9.610000,LOSS
2026-04-04T04:25:52.731Z,BTC,momentum,UP,0.8450,0.860000,0.000000,-65.520000,LOSS
2026-04-04T04:25:57.732Z,BTC,momentum,UP,0.8550,0.860000,0.000000,-109.480000,LOSS
2026-04-04T04:26:07.765Z,BTC,momentum,UP,0.8850,0.900000,0.000000,-107.450000,LOSS
2026-04-04T04:26:12.781Z,BTC,momentum,UP,0.8750,0.880000,0.000000,-107.690000,LOSS
2026-04-04T04:26:17.792Z,BTC,momentum,UP,0.8650,0.870000,0.000000,-108.040000,LOSS
2026-04-04T04:26:32.817Z,BTC,momentum,UP,0.8450,0.850000,0.000000,-74.310000,LOSS
2026-04-04T04:26:37.823Z,BTC,momentum,UP,0.8350,0.840000,0.000000,-111.480000,LOSS
2026-04-04T04:26:52.843Z,BTC,momentum,UP,0.8550,0.860000,1.000000,14.040000,WIN
2026-04-04T04:26:57.859Z,BTC,momentum,UP,0.8650,0.880000,1.000000,13.310000,WIN
2026-04-04T04:27:07.860Z,BTC,momentum,UP,0.8650,0.870000,1.000000,10.430000,WIN
2026-04-04T04:27:12.876Z,BTC,momentum,UP,0.8850,0.890000,1.000000,9.890000,WIN
2026-04-04T04:38:19.939Z,BTC,momentum,UP,0.1500,0.160000,1.000000,90.990000,WIN
2026-04-04T04:38:32.464Z,BTC,momentum,UP,0.1250,0.120000,1.000000,21.730000,WIN
2026-04-04T04:38:37.466Z,BTC,momentum,UP,0.0950,0.100000,1.000000,126.660000,WIN
2026-04-04T04:38:42.486Z,BTC,momentum,UP,0.0750,0.080000,1.000000,143.440000,WIN
2026-04-04T04:38:49.984Z,BTC,momentum,UP,0.0750,0.080000,1.000000,51.690000,WIN
2026-04-04T04:38:57.503Z,BTC,momentum,UP,0.0750,0.080000,1.000000,23.580000,WIN
2026-04-04T04:39:02.512Z,BTC,momentum,UP,0.0650,0.080000,1.000000,65.190000,WIN
2026-04-04T04:40:10.180Z,BTC,momentum,UP,0.4650,0.470000,1.000000,48.170000,WIN
2026-04-04T04:40:15.192Z,BTC,momentum,UP,0.4850,0.490000,1.000000,14.120000,WIN
2026-04-04T04:40:32.704Z,BTC,momentum,UP,0.5300,0.540000,1.000000,13.750000,WIN
2026-04-04T04:40:37.712Z,BTC,momentum,UP,0.4950,0.500000,1.000000,7.480000,WIN
2026-04-04T04:40:52.746Z,BTC,momentum,UP,0.5100,0.505765,1.000000,23.270000,WIN
2026-04-04T04:40:57.764Z,BTC,momentum,UP,0.5000,0.510000,1.000000,11.660000,WIN
2026-04-04T04:41:12.798Z,BTC,momentum,UP,0.6750,0.680000,1.000000,13.750000,WIN
2026-04-04T04:41:15.305Z,BTC,momentum,UP,0.6450,0.650000,1.000000,12.070000,WIN
2026-04-04T04:41:20.317Z,BTC,momentum,UP,0.6550,0.660000,1.000000,5.070000,WIN
2026-04-04T04:41:30.320Z,BTC,momentum,UP,0.6950,0.700000,1.000000,7.440000,WIN
2026-04-04T04:41:35.347Z,BTC,momentum,UP,0.7750,0.790000,1.000000,6.810000,WIN
2026-04-04T04:41:40.353Z,BTC,momentum,UP,0.7950,0.800000,1.000000,6.160000,WIN
2026-04-04T04:41:50.371Z,BTC,momentum,UP,0.8050,0.810000,1.000000,5.700000,WIN
2026-04-04T04:41:55.402Z,BTC,momentum,UP,0.8050,0.830000,1.000000,5.090000,WIN
2026-04-04T04:42:00.423Z,BTC,momentum,UP,0.8150,0.820000,1.000000,5.270000,WIN
2026-04-04T04:42:10.452Z,BTC,momentum,UP,0.8250,0.830000,1.000000,4.850000,WIN
2026-04-04T04:42:15.465Z,BTC,momentum,UP,0.8400,0.845481,1.000000,4.240000,WIN
2026-04-04T04:42:20.469Z,BTC,momentum,UP,0.8250,0.840000,1.000000,4.560000,WIN
2026-04-04T04:42:35.498Z,BTC,momentum,UP,0.8650,0.868101,1.000000,3.400000,WIN
2026-04-04T04:42:40.500Z,BTC,momentum,UP,0.8650,0.870000,1.000000,1.910000,WIN
2026-04-04T04:42:55.528Z,BTC,momentum,UP,0.8750,0.880000,1.000000,3.020000,WIN
2026-04-04T04:43:00.546Z,BTC,momentum,UP,0.8750,0.880000,1.000000,3.020000,WIN
2026-04-04T04:43:10.579Z,BTC,momentum,UP,0.9350,0.940000,1.000000,1.290000,WIN
2026-04-04T04:43:15.580Z,BTC,momentum,UP,0.8850,0.900000,1.000000,2.450000,WIN
2026-04-04T04:43:20.580Z,BTC,momentum,UP,0.9300,0.940000,1.000000,1.420000,WIN
2026-04-04T04:43:35.597Z,BTC,momentum,UP,0.9450,0.950000,1.000000,1.160000,WIN
2026-04-04T04:43:40.614Z,BTC,momentum,UP,0.9450,0.950000,1.000000,1.290000,WIN
2026-04-04T04:43:50.635Z,BTC,momentum,UP,0.9250,0.930000,1.000000,2.220000,WIN
2026-04-04T04:43:55.635Z,BTC,momentum,UP,0.9450,0.950000,1.000000,1.490000,WIN
2026-04-04T04:44:00.635Z,BTC,momentum,UP,0.9450,0.940000,1.000000,1.840000,WIN
2026-04-04T04:45:10.687Z,BTC,momentum,UP,0.5050,0.520000,0.000000,-40.840000,LOSS
2026-04-04T04:45:15.690Z,BTC,momentum,UP,0.5050,0.510000,0.000000,-5.570000,LOSS
2026-04-04T04:45:20.692Z,BTC,momentum,UP,0.5050,0.510000,0.000000,-22.450000,LOSS
2026-04-04T04:45:35.721Z,BTC,momentum,UP,0.5050,0.510000,0.000000,-35.520000,LOSS
2026-04-04T04:45:40.726Z,BTC,momentum,UP,0.5150,0.520000,0.000000,-45.430000,LOSS
2026-04-04T04:45:50.748Z,BTC,momentum,UP,0.5800,0.568937,0.000000,-53.710000,LOSS
2026-04-04T04:45:55.763Z,BTC,momentum,UP,0.5550,0.560000,0.000000,-58.570000,LOSS
2026-04-04T04:46:03.283Z,BTC,momentum,UP,0.5550,0.560000,0.000000,-58.990000,LOSS
2026-04-04T04:46:10.788Z,BTC,momentum,UP,0.5350,0.540000,0.000000,-30.270000,LOSS
2026-04-04T04:46:15.791Z,BTC,momentum,UP,0.5350,0.540000,0.000000,-35.750000,LOSS
2026-04-04T04:46:20.806Z,BTC,momentum,UP,0.5550,0.560000,0.000000,-22.320000,LOSS
2026-04-04T04:46:35.836Z,BTC,momentum,UP,0.5650,0.570000,0.000000,-51.450000,LOSS
2026-04-04T04:46:43.366Z,BTC,momentum,UP,0.5650,0.570000,0.000000,-46.310000,LOSS
2026-04-04T04:46:50.889Z,BTC,momentum,UP,0.7150,0.720000,1.000000,8.580000,WIN
2026-04-04T04:46:55.904Z,BTC,momentum,UP,0.7350,0.733216,1.000000,16.440000,WIN
2026-04-04T04:47:00.908Z,BTC,momentum,UP,0.7150,0.720000,1.000000,4.700000,WIN
2026-04-04T04:47:10.928Z,BTC,momentum,UP,0.6950,0.700000,0.000000,-0.500000,LOSS
2026-04-04T04:47:15.942Z,BTC,momentum,UP,0.6950,0.710000,0.000000,-49.910000,LOSS
2026-04-04T04:47:20.958Z,BTC,momentum,UP,0.7050,0.710000,0.000000,-28.490000,LOSS
2026-04-04T04:47:30.978Z,BTC,momentum,UP,0.7350,0.750000,0.000000,-47.270000,LOSS
2026-04-04T04:47:38.490Z,BTC,momentum,UP,0.7550,0.760000,0.000000,-45.480000,LOSS
2026-04-04T04:47:40.990Z,BTC,momentum,UP,0.7050,0.697774,0.000000,-47.950000,LOSS
2026-04-04T04:47:51.003Z,BTC,momentum,UP,0.6950,0.700000,0.000000,-25.980000,LOSS
2026-04-04T04:47:56.004Z,BTC,momentum,UP,0.6750,0.680000,0.000000,-51.060000,LOSS
2026-04-04T04:48:01.019Z,BTC,momentum,UP,0.6650,0.670000,0.000000,-17.160000,LOSS
2026-04-04T04:48:11.041Z,BTC,momentum,UP,0.5950,0.600000,0.000000,-42.020000,LOSS
2026-04-04T04:48:16.052Z,BTC,momentum,UP,0.6050,0.610000,0.000000,-33.650000,LOSS
2026-04-04T04:48:21.054Z,BTC,momentum,UP,0.5950,0.600000,1.000000,3.980000,WIN
2026-04-04T04:48:31.070Z,BTC,momentum,UP,0.6250,0.630000,1.000000,9.980000,WIN
2026-04-04T04:48:36.080Z,BTC,momentum,UP,0.6450,0.650000,1.000000,3.650000,WIN
2026-04-04T04:48:41.086Z,BTC,momentum,UP,0.6450,0.650000,1.000000,25.370000,WIN
2026-04-04T04:48:51.109Z,BTC,momentum,UP,0.4650,0.470000,1.000000,31.650000,WIN
2026-04-04T04:48:56.109Z,BTC,momentum,UP,0.4950,0.495301,1.000000,70.630000,WIN
2026-04-04T04:50:11.192Z,BTC,momentum,UP,0.5200,0.520000,1.000000,4.780000,WIN
2026-04-04T04:50:16.194Z,BTC,momentum,UP,0.5450,0.550000,1.000000,8.730000,WIN
2026-04-04T04:50:21.202Z,BTC,momentum,UP,0.5650,0.570000,1.000000,11.340000,WIN
2026-04-04T04:50:31.210Z,BTC,momentum,UP,0.6150,0.620000,1.000000,21.550000,WIN
2026-04-04T04:50:36.212Z,BTC,momentum,UP,0.6250,0.630000,1.000000,30.510000,WIN
2026-04-04T04:50:41.212Z,BTC,momentum,UP,0.6150,0.620000,1.000000,31.470000,WIN
2026-04-04T04:50:51.245Z,BTC,momentum,UP,0.4900,0.490000,1.000000,15.870000,WIN
2026-04-04T04:50:56.246Z,BTC,momentum,UP,0.4750,0.480000,1.000000,69.910000,WIN
2026-04-04T04:51:01.261Z,BTC,momentum,UP,0.5050,0.550000,1.000000,23.260000,WIN
2026-04-04T04:51:16.280Z,BTC,momentum,DOWN,0.2850,0.300000,0.000000,-26.830000,LOSS
2026-04-04T04:51:21.285Z,BTC,momentum,DOWN,0.3050,0.310000,0.000000,-10.200000,LOSS
2026-04-04T04:51:31.313Z,BTC,momentum,UP,0.6850,0.700000,1.000000,16.740000,WIN
2026-04-04T04:51:36.328Z,BTC,momentum,UP,0.6650,0.669381,0.000000,-33.640000,LOSS
2026-04-04T04:51:41.328Z,BTC,momentum,UP,0.6350,0.640000,0.000000,-33.570000,LOSS
2026-04-04T04:52:01.370Z,BTC,momentum,UP,0.4750,0.407452,0.000000,-45.320000,LOSS
2026-04-04T04:52:16.394Z,BTC,momentum,DOWN,0.7250,0.726848,1.000000,12.890000,WIN
2026-04-04T04:52:23.896Z,BTC,momentum,DOWN,0.7450,0.750000,1.000000,10.470000,WIN
2026-04-04T04:52:31.413Z,BTC,momentum,DOWN,0.7750,0.767440,1.000000,9.000000,WIN
2026-04-04T04:52:36.429Z,BTC,momentum,DOWN,0.7600,0.770000,1.000000,8.880000,WIN
2026-04-04T04:52:41.429Z,BTC,momentum,DOWN,0.7850,0.800000,1.000000,6.640000,WIN
2026-04-04T04:52:56.446Z,BTC,momentum,DOWN,0.5450,0.550000,1.000000,30.460000,WIN
2026-04-04T04:53:01.460Z,BTC,momentum,DOWN,0.5550,0.580000,1.000000,8.720000,WIN
2026-04-04T04:53:16.492Z,BTC,momentum,UP,0.6650,0.670000,0.000000,-27.370000,LOSS
2026-04-04T04:53:21.496Z,BTC,momentum,UP,0.7050,0.710000,0.000000,-24.850000,LOSS
2026-04-04T04:53:31.512Z,BTC,momentum,UP,0.7150,0.720000,0.000000,-24.610000,LOSS
2026-04-04T04:53:36.514Z,BTC,momentum,UP,0.7950,0.830000,0.000000,-9.810000,LOSS
2026-04-04T04:53:41.526Z,BTC,momentum,UP,0.8350,0.850000,0.000000,-22.250000,LOSS
2026-04-04T04:53:51.554Z,BTC,momentum,UP,0.8150,0.820000,0.000000,-22.530000,LOSS
2026-04-04T04:53:56.565Z,BTC,momentum,UP,0.8250,0.840000,0.000000,-13.760000,LOSS
2026-04-04T04:55:21.683Z,BTC,momentum,UP,0.4950,0.500000,1.000000,15.690000,WIN
2026-04-04T04:55:31.699Z,BTC,momentum,UP,0.4950,0.500000,1.000000,36.310000,WIN
2026-04-04T04:55:36.699Z,BTC,momentum,UP,0.4950,0.500000,1.000000,32.600000,WIN
2026-04-04T04:55:41.699Z,BTC,momentum,UP,0.4950,0.500000,1.000000,44.200000,WIN
2026-04-04T04:55:51.716Z,BTC,momentum,UP,0.4750,0.480000,1.000000,30.670000,WIN
2026-04-04T04:55:56.718Z,BTC,momentum,UP,0.4350,0.440000,1.000000,66.890000,WIN
2026-04-04T04:56:01.731Z,BTC,momentum,UP,0.4350,0.450000,1.000000,3.960000,WIN
2026-04-04T04:56:16.751Z,BTC,momentum,UP,0.2350,0.250000,1.000000,103.520000,WIN
2026-04-04T04:56:21.767Z,BTC,momentum,UP,0.2550,0.260000,1.000000,84.030000,WIN
2026-04-04T04:56:31.789Z,BTC,momentum,UP,0.2350,0.250000,1.000000,114.960000,WIN
2026-04-04T04:56:36.799Z,BTC,momentum,DOWN,0.7950,0.800000,0.000000,-30.590000,LOSS
2026-04-04T04:56:41.800Z,BTC,momentum,UP,0.1950,0.200000,1.000000,26.360000,WIN
2026-04-04T04:56:51.818Z,BTC,momentum,UP,0.1550,0.160000,1.000000,75.110000,WIN
2026-04-04T04:56:56.834Z,BTC,momentum,DOWN,0.8450,0.850000,0.000000,-9.380000,LOSS
2026-04-04T04:57:01.836Z,BTC,momentum,UP,0.1650,0.170000,1.000000,11.510000,WIN
2026-04-04T04:57:16.868Z,BTC,momentum,DOWN,0.8650,0.865253,0.000000,-25.370000,LOSS
2026-04-04T04:57:21.885Z,BTC,momentum,DOWN,0.8550,0.858348,0.000000,-26.060000,LOSS
2026-04-04T05:55:20.553Z,BTC,momentum,DOWN,0.3650,0.368203,1.000000,63.180000,WIN
2026-04-04T05:55:50.596Z,BTC,momentum,UP,0.7150,0.720000,0.000000,-27.830000,LOSS
2026-04-04T05:56:20.662Z,BTC,momentum,UP,0.6850,0.690000,0.000000,-29.060000,LOSS
2026-04-04T05:57:00.692Z,BTC,momentum,UP,0.8550,0.860000,0.000000,-8.630000,LOSS
2026-04-04T05:57:10.699Z,BTC,momentum,UP,0.8550,0.860000,0.000000,-23.250000,LOSS
2026-04-04T05:57:35.755Z,BTC,momentum,UP,0.8750,0.880000,0.000000,-22.720000,LOSS
2026-04-04T05:57:40.768Z,BTC,momentum,UP,0.8750,0.880000,0.000000,-22.720000,LOSS
2026-04-04T06:00:31.058Z,BTC,momentum,DOWN,0.4550,0.444861,1.000000,56.040000,WIN
2026-04-04T06:00:36.059Z,BTC,momentum,DOWN,0.3650,0.370000,1.000000,13.130000,WIN
2026-04-04T06:00:41.061Z,BTC,momentum,DOWN,0.3650,0.380000,0.000000,-50.700000,LOSS
2026-04-04T06:01:11.144Z,BTC,momentum,UP,0.6650,0.670000,1.000000,15.130000,WIN
2026-04-04T06:01:41.221Z,BTC,momentum,UP,0.6750,0.680000,1.000000,13.840000,WIN
2026-04-04T06:02:11.285Z,BTC,momentum,UP,0.6850,0.690000,1.000000,12.600000,WIN
2026-04-04T06:02:16.294Z,BTC,momentum,UP,0.6850,0.690000,1.000000,12.600000,WIN
2026-04-04T06:05:11.644Z,BTC,momentum,DOWN,0.2950,0.300000,0.000000,-63.290000,LOSS
2026-04-04T06:05:16.661Z,BTC,momentum,DOWN,0.2650,0.260000,0.000000,-0.260000,LOSS
2026-04-04T06:05:41.681Z,BTC,momentum,UP,0.7150,0.720000,1.000000,10.690000,WIN
2026-04-04T06:06:11.727Z,BTC,momentum,UP,0.8250,0.830000,1.000000,4.590000,WIN
2026-04-04T06:06:16.729Z,BTC,momentum,UP,0.8050,0.810000,1.000000,5.420000,WIN
2026-04-04T06:06:51.778Z,BTC,momentum,UP,0.8250,0.830000,1.000000,0.480000,WIN
2026-04-04T06:06:56.795Z,BTC,momentum,UP,0.8850,0.870523,1.000000,3.120000,WIN
2026-04-04T06:07:16.811Z,BTC,momentum,UP,0.8650,0.870000,1.000000,3.320000,WIN
2026-04-04T06:07:21.812Z,BTC,momentum,UP,0.8550,0.880000,1.000000,3.170000,WIN
2026-04-04T06:07:51.863Z,BTC,momentum,UP,0.8850,0.890000,1.000000,0.610000,WIN
2026-04-04T06:07:56.863Z,BTC,momentum,UP,0.8950,0.900000,1.000000,1.460000,WIN
2026-04-04T06:10:37.248Z,BTC,momentum,UP,0.7050,0.710000,0.000000,-26.480000,LOSS
2026-04-04T06:10:42.261Z,BTC,momentum,UP,0.6850,0.690000,0.000000,-27.260000,LOSS
2026-04-04T06:11:12.310Z,BTC,momentum,UP,0.7350,0.750000,1.000000,0.870000,WIN
2026-04-04T06:11:17.313Z,BTC,momentum,UP,0.7550,0.780000,1.000000,7.210000,WIN
2026-04-04T06:12:17.415Z,BTC,momentum,UP,0.8550,0.870000,1.000000,3.320000,WIN
2026-04-04T06:12:22.428Z,BTC,momentum,UP,0.8550,0.860000,1.000000,3.580000,WIN
2026-04-04T06:12:52.497Z,BTC,momentum,UP,0.8650,0.870000,1.000000,3.250000,WIN
2026-04-04T06:12:57.515Z,BTC,momentum,UP,0.8650,0.880000,1.000000,3.000000,WIN
2026-04-04T06:15:57.882Z,BTC,momentum,UP,0.6150,0.620000,1.000000,18.070000,WIN
2026-04-04T06:16:42.958Z,BTC,momentum,UP,0.7450,0.750000,1.000000,8.140000,WIN
2026-04-04T06:17:13.004Z,BTC,momentum,UP,0.8050,0.820000,1.000000,4.990000,WIN
2026-04-04T06:17:18.019Z,BTC,momentum,UP,0.8150,0.820000,1.000000,0.990000,WIN
2026-04-04T06:17:53.085Z,BTC,momentum,UP,0.8750,0.890000,1.000000,2.570000,WIN
2026-04-04T06:20:33.358Z,BTC,momentum,UP,0.4400,0.440000,1.000000,15.490000,WIN
2026-04-04T06:21:38.486Z,BTC,momentum,DOWN,0.6150,0.620000,0.000000,-30.990000,LOSS
2026-04-04T06:21:43.487Z,BTC,momentum,DOWN,0.6150,0.620000,0.000000,-17.060000,LOSS
2026-04-04T06:25:33.983Z,BTC,momentum,UP,0.6150,0.610753,0.000000,-31.060000,LOSS
2026-04-04T06:26:39.134Z,BTC,momentum,UP,0.5450,0.550000,0.000000,-36.180000,LOSS
2026-04-04T06:26:44.150Z,BTC,momentum,UP,0.4850,0.490000,0.000000,-39.430000,LOSS
2026-04-04T06:27:19.193Z,BTC,momentum,DOWN,0.6650,0.670000,1.000000,13.750000,WIN
2026-04-04T06:28:39.356Z,BTC,momentum,DOWN,0.7850,0.790000,1.000000,0.260000,WIN
2026-04-04T06:28:44.360Z,BTC,momentum,DOWN,0.8050,0.810000,1.000000,0.230000,WIN
2026-04-04T06:28:54.371Z,BTC,momentum,DOWN,0.8850,0.890000,1.000000,0.120000,WIN
2026-04-04T06:28:59.374Z,BTC,momentum,DOWN,0.9250,0.930000,1.000000,0.070000,WIN
2026-04-04T06:29:04.376Z,BTC,momentum,DOWN,0.9250,0.930000,1.000000,0.070000,WIN
2026-04-04T06:29:14.381Z,BTC,momentum,DOWN,0.9250,0.930000,1.000000,0.070000,WIN
2026-04-04T06:29:19.382Z,BTC,momentum,DOWN,0.9450,0.950000,1.000000,0.050000,WIN
2026-04-04T06:29:24.392Z,BTC,momentum,DOWN,0.9450,0.960000,1.000000,0.040000,WIN
2026-04-04T06:29:39.412Z,BTC,momentum,DOWN,0.9450,0.950000,1.000000,0.050000,WIN
2026-04-04T06:29:44.412Z,BTC,momentum,DOWN,0.9350,0.940000,1.000000,0.060000,WIN
2026-04-04T06:29:59.429Z,BTC,momentum,DOWN,0.9450,0.980000,1.000000,0.020000,WIN
2026-04-04T06:38:40.549Z,BTC,momentum,DOWN,0.8950,0.900000,0.000000,-0.990000,LOSS
2026-04-04T06:38:45.551Z,BTC,momentum,DOWN,0.9050,0.910000,0.000000,-0.990000,LOSS
2026-04-04T06:39:35.649Z,BTC,momentum,DOWN,0.9050,0.890000,1.000000,0.120000,WIN
2026-04-04T06:39:40.660Z,BTC,momentum,DOWN,0.8850,0.900000,1.000000,0.110000,WIN
2026-04-04T06:39:45.665Z,BTC,momentum,DOWN,0.8950,0.890000,1.000000,0.120000,WIN
2026-04-04T06:40:00.713Z,BTC,momentum,DOWN,0.7500,0.750000,0.000000,0.000000,LOSS
2026-04-04T06:44:59.321Z,BTC,momentum,UP,0.7500,0.750000,0.000000,0.000000,LOSS
2026-04-04T06:48:39.663Z,BTC,momentum,UP,0.9250,0.920000,1.000000,0.080000,WIN
2026-04-04T06:48:54.686Z,BTC,momentum,UP,0.9250,0.930000,1.000000,0.070000,WIN
2026-04-04T06:48:59.702Z,BTC,momentum,UP,0.9250,0.930000,1.000000,0.070000,WIN
2026-04-04T06:49:04.715Z,BTC,momentum,UP,0.9250,0.930000,1.000000,0.070000,WIN
2026-04-04T06:49:14.740Z,BTC,momentum,UP,0.9350,0.940000,1.000000,0.060000,WIN
2026-04-04T06:49:19.750Z,BTC,momentum,UP,0.9350,0.940000,1.000000,0.060000,WIN
2026-04-04T06:49:24.771Z,BTC,momentum,UP,0.9450,0.950000,1.000000,0.050000,WIN
2026-04-04T06:49:59.854Z,ETH,momentum,UP,0.7500,0.750000,0.000000,0.000000,LOSS
2026-04-04T06:53:37.820Z,ETH,momentum,UP,0.7050,0.710000,1.000000,0.400000,WIN
2026-04-04T06:53:52.849Z,ETH,momentum,UP,0.6750,0.690000,1.000000,0.450000,WIN
2026-04-04T06:53:57.875Z,ETH,momentum,UP,0.7050,0.710000,1.000000,0.400000,WIN
2026-04-04T06:54:05.395Z,ETH,momentum,UP,0.7250,0.730000,1.000000,0.360000,WIN
2026-04-04T06:54:12.917Z,ETH,momentum,UP,0.7550,0.760000,1.000000,0.310000,WIN
2026-04-04T06:54:17.926Z,ETH,momentum,UP,0.7750,0.780000,1.000000,0.280000,WIN
2026-04-04T06:54:22.928Z,ETH,momentum,UP,0.8050,0.820000,1.000000,0.220000,WIN
2026-04-04T06:58:40.993Z,BTC,momentum,UP,0.7550,0.760000,1.000000,0.310000,WIN
2026-04-04T06:58:53.528Z,BTC,momentum,UP,0.7100,0.690000,1.000000,0.430000,WIN
2026-04-04T06:59:01.036Z,BTC,momentum,UP,0.9150,0.920000,1.000000,0.080000,WIN
2026-04-04T06:59:03.540Z,BTC,momentum,UP,0.8350,0.850000,1.000000,0.170000,WIN
2026-04-04T06:59:13.551Z,BTC,momentum,UP,0.9350,0.940000,1.000000,0.060000,WIN
2026-04-04T06:59:18.553Z,BTC,momentum,UP,0.9450,0.950000,1.000000,0.050000,WIN
2026-04-04T08:44:45.506Z,BTC,momentum,UP,0.9200,0.880000,0.000000,-0.950000,LOSS
2026-04-04T08:44:50.525Z,BTC,momentum,UP,0.9150,0.920000,0.000000,-0.990000,LOSS
2026-04-04T08:45:00.533Z,BTC,momentum,UP,0.9250,0.970000,0.000000,-1.040000,LOSS
2026-04-04T08:49:26.069Z,BTC,momentum,DOWN,0.8850,0.890000,1.000000,0.120000,WIN
2026-04-04T08:49:36.081Z,BTC,momentum,DOWN,0.8250,0.830000,1.000000,0.200000,WIN
2026-04-04T08:49:41.103Z,BTC,momentum,DOWN,0.8600,0.860000,1.000000,0.160000,WIN
2026-04-04T08:49:46.114Z,BTC,momentum,DOWN,0.8950,0.920000,1.000000,0.090000,WIN
2026-04-04T08:49:51.125Z,BTC,momentum,DOWN,0.8850,0.890000,1.000000,0.120000,WIN
2026-04-04T09:43:45.416Z,BTC,momentum,UP,0.7150,0.720000,1.000000,0.380000,WIN
2026-04-04T09:43:50.425Z,BTC,momentum,UP,0.7050,0.710000,1.000000,0.400000,WIN
2026-04-04T09:43:55.441Z,BTC,momentum,UP,0.7150,0.720000,1.000000,0.380000,WIN
2026-04-04T09:44:05.445Z,BTC,momentum,UP,0.7450,0.750000,1.000000,0.330000,WIN
2026-04-04T09:44:10.457Z,BTC,momentum,UP,0.6800,0.680000,1.000000,0.460000,WIN
2026-04-04T09:44:15.468Z,BTC,momentum,UP,0.7250,0.730000,1.000000,0.360000,WIN
2026-04-04T09:44:20.479Z,BTC,momentum,UP,0.6650,0.680000,1.000000,0.470000,WIN
2026-04-04T09:44:30.497Z,BTC,momentum,UP,0.6850,0.690000,1.000000,0.440000,WIN
2026-04-04T09:44:35.523Z,BTC,momentum,UP,0.6850,0.680000,0.000000,-0.980000,LOSS
2026-04-04T09:44:55.572Z,BTC,momentum,UP,0.6750,0.700000,0.000000,-1.020000,LOSS
2026-04-04T09:45:00.581Z,BTC,momentum,UP,0.8800,0.910000,0.000000,-1.020000,LOSS
2026-04-04T09:45:03.081Z,BTC,momentum,DOWN,0.7500,0.750000,0.000000,0.000000,LOSS
2026-04-04T09:48:51.094Z,BTC,momentum,DOWN,0.6650,0.670000,1.000000,0.490000,WIN
2026-04-04T09:48:56.102Z,BTC,momentum,DOWN,0.6700,0.680000,1.000000,0.470000,WIN
2026-04-04T09:49:01.122Z,BTC,momentum,DOWN,0.6950,0.700000,1.000000,0.420000,WIN
2026-04-04T09:49:16.172Z,BTC,momentum,DOWN,0.7250,0.710000,0.000000,-0.970000,LOSS
2026-04-04T09:49:21.185Z,BTC,momentum,DOWN,0.7050,0.690000,0.000000,-0.970000,LOSS
2026-04-04T09:49:31.203Z,BTC,momentum,DOWN,0.7250,0.740000,0.000000,-1.010000,LOSS
2026-04-04T09:49:36.211Z,BTC,momentum,DOWN,0.7550,0.770000,0.000000,-1.010000,LOSS
2026-04-04T09:49:41.221Z,BTC,momentum,DOWN,0.7050,0.710000,0.000000,-1.000000,LOSS
2026-04-04T09:49:51.232Z,BTC,momentum,DOWN,0.7850,0.820000,0.000000,-1.030000,LOSS
2026-04-04T09:49:56.248Z,BTC,momentum,DOWN,0.8750,0.880000,0.000000,-0.990000,LOSS
2026-04-04T09:50:01.256Z,ETH,momentum,UP,0.7500,0.750000,0.000000,0.000000,LOSS
2026-04-04T09:53:36.833Z,ETH,momentum,UP,0.8650,0.870000,1.000000,0.150000,WIN
2026-04-04T09:53:41.835Z,ETH,momentum,UP,0.8750,0.880000,1.000000,0.130000,WIN
2026-04-04T09:53:51.844Z,ETH,momentum,UP,0.9150,0.930000,1.000000,0.070000,WIN
2026-04-04T09:53:56.859Z,ETH,momentum,UP,0.8800,0.890000,1.000000,0.120000,WIN
2026-04-04T09:54:01.864Z,ETH,momentum,UP,0.8950,0.910000,1.000000,0.100000,WIN
2026-04-04T09:54:14.389Z,ETH,momentum,UP,0.9050,0.910000,1.000000,0.100000,WIN
2026-04-04T09:54:21.900Z,ETH,momentum,UP,0.9050,0.910000,1.000000,0.100000,WIN
2026-04-04T09:54:31.923Z,ETH,momentum,UP,0.9050,0.910000,1.000000,0.100000,WIN
2026-04-04T09:54:36.932Z,ETH,momentum,UP,0.9250,0.940000,1.000000,0.060000,WIN
2026-04-04T09:59:37.498Z,BTC,momentum,DOWN,0.7550,0.760000,1.000000,0.310000,WIN
2026-04-04T09:59:42.506Z,BTC,momentum,DOWN,0.7250,0.730000,1.000000,0.360000,WIN
2026-04-04T09:59:50.040Z,BTC,momentum,DOWN,0.7550,0.720000,1.000000,0.360000,WIN
2026-04-04T10:00:02.581Z,BTC,momentum,UP,0.7500,0.750000,0.000000,0.000000,LOSS
2026-04-04T10:03:50.587Z,BTC,momentum,UP,0.7950,0.800000,1.000000,0.240000,WIN
2026-04-04T10:04:35.655Z,BTC,momentum,UP,0.6500,0.660000,1.000000,0.510000,WIN
2026-04-04T10:04:40.659Z,BTC,momentum,UP,0.6950,0.730000,1.000000,0.380000,WIN
2026-04-04T10:04:55.707Z,BTC,momentum,UP,0.8350,0.920000,1.000000,0.090000,WIN
2026-04-04T12:19:37.097Z,BTC,momentum,DOWN,0.6850,0.680683,1.000000,0.460000,WIN
2026-04-04T12:19:37.101Z,BTC,momentum,DOWN,0.6950,0.650000,1.000000,0.490000,WIN
2026-04-04T12:19:37.155Z,BTC,momentum,UP,0.6950,0.710000,0.000000,-1.010000,LOSS
2026-04-04T13:20:08.323Z,XRP,momentum,UP,0.3750,0.420000,1.000000,34.720000,WIN
2026-04-04T13:20:55.976Z,XRP,momentum,UP,0.5700,0.610000,1.000000,21.350000,WIN
2026-04-04T13:21:03.483Z,XRP,momentum,UP,0.5750,0.610000,1.000000,21.350000,WIN
2026-04-04T13:21:26.090Z,XRP,momentum,UP,0.5700,0.600000,1.000000,1.990000,WIN
2026-04-04T13:25:16.740Z,BTC,momentum,UP,0.4950,0.500000,0.000000,-27.650000,LOSS
2026-04-04T13:25:56.801Z,BTC,momentum,UP,0.6150,0.630000,0.000000,-34.060000,LOSS
2026-04-04T13:26:21.847Z,BTC,momentum,UP,0.4850,0.490000,0.000000,-44.360000,LOSS
2026-04-04T13:27:06.929Z,BTC,momentum,DOWN,0.5850,0.600000,1.000000,18.750000,WIN
2026-04-04T13:27:16.945Z,BTC,momentum,DOWN,0.6950,0.700000,1.000000,9.920000,WIN
2026-04-04T13:27:41.982Z,BTC,momentum,DOWN,0.6700,0.672216,1.000000,15.440000,WIN
2026-04-04T13:27:46.983Z,BTC,momentum,DOWN,0.6650,0.680000,1.000000,15.290000,WIN
2026-04-04T13:31:17.346Z,ETH,momentum,DOWN,0.6350,0.640000,1.000000,5.590000,WIN
2026-04-04T13:31:22.356Z,ETH,momentum,DOWN,0.6350,0.650000,1.000000,12.080000,WIN
2026-04-04T13:31:47.400Z,ETH,momentum,DOWN,0.4650,0.480000,1.000000,5.190000,WIN
2026-04-04T13:32:37.541Z,ETH,momentum,UP,0.4350,0.460000,0.000000,-27.680000,LOSS
2026-04-04T13:35:58.214Z,SOL,momentum,DOWN,0.6750,0.680000,1.000000,2.540000,WIN
2026-04-04T13:38:00.940Z,XRP,unknown,UP,0.7500,0.750000,0.000000,0.000000,LOSS
2026-04-04T13:40:38.680Z,XRP,momentum,DOWN,0.5400,0.570000,0.000000,-5.720000,LOSS
2026-04-04T13:40:43.687Z,XRP,momentum,DOWN,0.5200,0.540000,0.000000,-5.420000,LOSS
2026-04-04T13:40:48.694Z,XRP,momentum,DOWN,0.5100,0.540000,0.000000,-5.420000,LOSS
2026-04-04T13:45:09.147Z,XRP,momentum,DOWN,0.5250,0.530000,0.000000,-31.900000,LOSS
2026-04-04T13:45:39.232Z,BTC,momentum,UP,0.6350,0.640000,0.000000,-32.320000,LOSS
2026-04-04T13:46:24.340Z,BTC,momentum,DOWN,0.2850,0.300000,1.000000,98.490000,WIN
2026-04-04T13:46:29.348Z,BTC,momentum,DOWN,0.2850,0.290000,1.000000,7.400000,WIN
2026-04-04T13:46:59.413Z,BTC,momentum,UP,0.7650,0.770000,0.000000,-3.860000,LOSS
2026-04-04T13:47:04.419Z,BTC,momentum,UP,0.8050,0.810000,0.000000,-12.050000,LOSS
2026-04-04T13:47:29.492Z,BTC,momentum,UP,0.7850,0.790000,0.000000,-25.690000,LOSS
2026-04-04T13:50:49.924Z,BTC,momentum,DOWN,0.7850,0.790000,1.000000,6.310000,WIN
2026-04-04T13:51:24.996Z,BTC,momentum,DOWN,0.7450,0.750000,1.000000,9.220000,WIN
2026-04-04T13:51:30.008Z,BTC,momentum,UP,0.2550,0.260000,0.000000,-16.280000,LOSS
2026-04-04T13:52:05.100Z,BTC,momentum,UP,0.2350,0.230000,0.000000,-3.660000,LOSS
2026-04-04T13:52:30.130Z,BTC,momentum,UP,0.1850,0.200000,0.000000,-17.290000,LOSS
2026-04-04T13:55:40.407Z,BTC,momentum,DOWN,0.7550,0.739441,1.000000,9.050000,WIN
